<?xml version="1.0" encoding="UTF-8"?>
<GenRun Id="synth_1" LaunchPart="xc7a35tcpg236-1" LaunchTime="1603435378">
  <File Type="PA-TCL" Name="display.tcl"/>
  <File Type="RDS-PROPCONSTRS" Name="display_drc_synth.rpt"/>
  <File Type="REPORTS-TCL" Name="display_reports.tcl"/>
  <File Type="RDS-RDS" Name="display.vds"/>
  <File Type="RDS-UTIL" Name="display_utilization_synth.rpt"/>
  <File Type="RDS-UTIL-PB" Name="display_utilization_synth.pb"/>
  <File Type="RDS-DCP" Name="display.dcp"/>
  <File Type="VDS-TIMINGSUMMARY" Name="display_timing_summary_synth.rpt"/>
  <File Type="VDS-TIMING-PB" Name="display_timing_summary_synth.pb"/>
  <FileSet Name="sources" Type="DesignSrcs" RelSrcDir="$PSRCDIR/sources_1">
    <Filter Type="Srcs"/>
    <File Path="$PPRDIR/src/display.v">
      <FileInfo>
        <Attr Name="UsedIn" Val="synthesis"/>
        <Attr Name="UsedIn" Val="simulation"/>
      </FileInfo>
    </File>
    <File Path="$PPRDIR/component.xml">
      <FileInfo SFType="IPXACT"/>
    </File>
    <Config>
      <Option Name="DesignMode" Val="RTL"/>
      <Option Name="TopModule" Val="display"/>
      <Option Name="TopRTLFile" Val="$PPRDIR/src/display.v"/>
    </Config>
  </FileSet>
  <FileSet Name="constrs_in" Type="Constrs" RelSrcDir="$PSRCDIR/constrs_1">
    <Filter Type="Constrs"/>
    <Config>
      <Option Name="ConstrsType" Val="XDC"/>
    </Config>
  </FileSet>
  <Strategy Version="1" Minor="2">
    <StratHandle Name="Vivado Synthesis Defaults" Flow="Vivado Synthesis 2017"/>
    <Step Id="synth_design"/>
  </Strategy>
</GenRun>
